company_id,tenant_id,username,role,account_status,demo_password
C01,astra-c01,c01_viewer,viewer,active,000000
C01,astra-c01,c01_bid_analyst,bid_analyst,active,000000
C01,astra-c01,c01_cost_analyst,cost_analyst,active,000000
C01,astra-c01,c01_bid_approver,bid_approver,active,000000
C01,astra-c01,c01_inactive,bid_analyst,inactive,000000
C02,astra-c02,c02_viewer,viewer,active,000000
C02,astra-c02,c02_bid_analyst,bid_analyst,active,000000
C02,astra-c02,c02_cost_analyst,cost_analyst,active,000000
C02,astra-c02,c02_bid_approver,bid_approver,active,000000
C02,astra-c02,c02_inactive,bid_analyst,inactive,000000
C03,astra-c03,c03_viewer,viewer,active,000000
C03,astra-c03,c03_bid_analyst,bid_analyst,active,000000
C03,astra-c03,c03_cost_analyst,cost_analyst,active,000000
C03,astra-c03,c03_bid_approver,bid_approver,active,000000
C03,astra-c03,c03_inactive,bid_analyst,inactive,000000
C04,astra-c04,c04_viewer,viewer,active,000000
C04,astra-c04,c04_bid_analyst,bid_analyst,active,000000
C04,astra-c04,c04_cost_analyst,cost_analyst,active,000000
C04,astra-c04,c04_bid_approver,bid_approver,active,000000
C04,astra-c04,c04_inactive,bid_analyst,inactive,000000
C05,astra-c05,c05_viewer,viewer,active,000000
C05,astra-c05,c05_bid_analyst,bid_analyst,active,000000
C05,astra-c05,c05_cost_analyst,cost_analyst,active,000000
C05,astra-c05,c05_bid_approver,bid_approver,active,000000
C05,astra-c05,c05_inactive,bid_analyst,inactive,000000
